{"original length": 30456445, "oracle_15_f1": 0.18854353968661702, "oracle_5_f1": 0.21848497915768292, "oracle_10_f1": 0.1893939393939394, "len >= 15": 56071, "len >= 10": 76710, "len >= 5": 108626, "len with add": 174054, "len between 5 and 155": 108626, "oracle_5_missing": 0.05182730369142962, "oracle_10_missing": 0.05644635640724808, "oracle_15_missing": 0.06919304502897905}