{"F1_5-clicks": 0.437307333859058, "F1_10-clicks": 0.41121939624435466, "F1_15-clicks": 0.4021269524759056}