{"oracle_5_f1": 0.13331155040026138, "oracle_5_missing": 0.0005523336095001381, "oracle_10_f1": 0.1893939393939394, "oracle_10_missing": 0.05644635640724808, "oracle_15_f1": 0.18643216080402011, "oracle_15_missing": 0.38831921533660274}